goal,step0,step1,label,llama2,mistral,orca-mini:7b,qwen:7b
Read Kindle Books on Android,Select the book you want to read.,Tap Library in the menu at the bottom of the screen.,B,A,A,A,A
Use a Green Screen,Install Shotcut.,Open Shotcut.,A,A,A,A,A
Do Victory Rolls,Secure the whole style in place with a final coat of hairspray.,Curl the loose hair with a hair dryer and round brush.,B,A,B,B,B
Clean a Wool Hat,Place the hat in the water.,Massage the hat in the water for a few minutes.,A,A,A,A,A
Buy from eBay With eBay Gift Cards,"Go to eBay.com, click on ""Sign in"" and log in using your eBay user name and password.",Locate the item you would like to purchase on eBay.,A,A,A,A,A
Convert Meters to Millimeters,"Write the number of meters, adding a decimal to the right of the last digit.",Move your pencil three places to the left.,A,A,A,A,A
Make a Drip Irrigator from a Plastic Bottle,Get a plastic bottle.,Poke holes in the sides of the bottle.,A,A,A,A,A
Make a Pumpkin Spice Latte,"Pour the strong, brewed coffee into a large, slow cooker.",Add the milk and heavy whipping cream.,A,A,A,A,A
Choose a Bicycle Helmet,Select a helmet that fits.,Check that the helmet sits down about halfway on your forehead.,A,A,A,A,A
Thin Paint,Add more water or a thinning agent if desired.,Begin work on your painting project.,A,B,A,A,B
Make a Good Cup of Tea,Plug in the kettle and turn it on.,Bring the water to a boil.,A,A,A,B,A
Faux Paint,Wipe and vacuum the surface.,Prime the surface.,A,A,B,A,A
Under Braid,Secure the braid with an elastic when it reaches the back of your crown.,Gather a section of hair from your nape and begin to braid it.,B,A,A,A,A
Make a Clay Cat,Make front legs.,Add a tail on the back at the bottom.,A,A,A,A,A
Save Money on Batteries,"Remove all of the cells for which you need to measure the voltage, from the device that is no longer working.",Measure the direct current voltage or DCV of the su,A,A,A,A,A
Sell Your Bird,Meet the buyer in person to ensure that they are able to look after the bird.,Ask the buyer to sign a contract that includes your wishes for the bird.,A,A,A,B,A
Remove an Iron on Transfer from Clothes Using an Iron,Remove any glue residue.,Wash the garment by itself.,A,A,A,A,A
Make Your Own Self Tanner,Put the tea bags in the water and wait for them to steep.,Heat up the water.,B,B,B,A,A
Help a Female Child Provide a Urine Sample,Wash your hands with sanitizer.,Clean your infant's genitalia.,A,A,A,A,A
Add Color to Beeswax,Prepare your colors.,Adjust your colors.,A,A,A,A,A
Find Your Singing Range,"Play descending notes, matching your pitch each time.","Sing the note, matching your pitch carefully.",B,A,B,A,A
Install an Outdoor Motion Sensor Light,Turn off the power to the light.,Unscrew the existing light.,A,A,A,A,A
Reuse False Eyelashes,Pull the lash slowly to the inner corner to remove.,Peel up the lash at the outer corner.,B,A,B,A,A
Download ROBLOX,Tap the Search icon.,"Open the App Store {""smallUrl"":""https:\/\/www.wikihow.com\/images\/5\/55\/Iphoneappstoreicon.png"",""bigUrl"":""https:\/\/www.wikihow.com\/images\/5\/55\/Iphoneappstoreicon.png"",""smallWidth"":460,""smallHeight"":460,""bigWidth"":760,""bigHeight"":760,""licensing"":""<div class=\""mw-parser-output\""><p>I edited this screenshot of an iOS icon.\n<\/p><p>License: <a rel=\""nofollow\"" class=\""external text\"" href=\""http:\/\/en.wikipedia.org\/wiki\/Fair_use\"">Fair Use<\/a><br>\n<\/p><\/div>""} on your iPhone or iPad.",B,A,A,A,A
Clean a Varnish Brush,Wash the brush with dish soap under warm running water.,Rinse the brush until the water runs clear.,A,A,A,A,A
Clean a Vacuum Thermosflask That Has Stains at the Bottom,Add a few spoonfuls of salt.,Fill your flask with ice.,B,A,A,A,A
Apply AirStone,"Allow at least six, and up to 48 hours, of drying time.",Wipe up excess adhesive immediately with a damp cloth.,B,A,B,A,A
Use Ratchet Straps,Open up the ratchet and pull the strap loose.,Pull and hold the release tab to close the ratchet again.,A,B,A,A,A
Change the Executor of a Family Trust,Talk to your beneficiaries.,Evaluate your trust documents.,B,B,A,A,A
Set Up a Home Theater System,Connect your video input to your receiver.,Test and troubleshoot your video connection before moving on to the speakers.,A,A,A,B,A
Make Loom Bands,Repeat Step 2.,Slide the pencil under the front of the bottom band on the second tine.,B,A,B,A,A
Draw a Model of the Digestive System,Outline your model.,Color each organ a different color.,A,A,A,A,A
Brighten Your Skin,Apply a thick layer of the mixture to your skin.,Add other ingredients to your cucumber paste.,B,A,B,A,B
Clean Carrara Marble,Make a cleaning solution with mild dish soap and water.,Wipe down the marble with your soap solution.,A,A,A,A,A
Get eBay Bucks,Wait for your Bucks Certificate to arrive.,Earn at least $5 in eBay Bucks in the calendar quarter.,B,B,A,A,A
Attach a Garden Hose to a Kitchen Faucet,Make sure the hose gasket is in place the hose has a rubber or vinyl gasket in it to prevents leaks.,Screw on the hose.,A,A,A,A,A
Organize Craft Supplies,Finished.,Label with tape or paper what is in each container.,B,U,A,B,A
Apply for an SBI Credit Card,Provide the necessary information.,Agree to the terms and conditions.,A,A,A,A,A
Buy Books on Google Play,Go to the Books section.,Visit Google Play.,B,A,T,A,B
Use Amazon on Demand,Navigate to the Amazon Video on Demand Store.,Select a movie or TV show to watch.,A,A,A,B,A
Straighten Curly and Thick Hair,Purchase the right straightener for your hair type.,Turn on your straightener and select the right heat setting.,A,B,A,B,A
Rip a Karaoke CD Using Golden Hawk CDRWin,CDRWIN will start ripping your selected tracks to the selected location and in selected format.,Now choose the tracks you want to rip and click on start button below.,B,A,A,B,B
Apply a Tourniquet,Use a stick or rod for tightening.,Apply the tourniquet between the heart and injury.,B,A,B,B,A
Sew a Reversible Tote Bag,"Turn ""one"" pouch right side out.",Add pockets.,A,A,A,A,A
Select a Garter Belt,Find out the return policy before you buy anything.,Keep your receipt and leave the tags on.,A,A,A,A,A
Gently Bleach Your Skin Naturally,Apply the lemon juice to your face.,Wash if off and repeat daily.,A,B,A,A,A
Paint a Textured Ceiling,Tape around all the wall edges with painters tape if you are painting the ceiling a color that differs from the walls.,"Vacuum the ceiling using a hand-held vacuum cleaner with a soft-bristled attachment, being careful not to damage the texture.",B,B,A,A,A
Clean Air Conditioner Coils,Use the hose to rinse the cleaner off of outdoor units.,Reassemble the unit.,A,A,A,A,A
Play Futsal,Set a timer for 20 minutes.,Choose 5 players per team.,B,A,B,A,A
Inspect Parts Using Dye Penetrant,"Remove excess penetrant using a clean, dry, lint free cloth.",Apply the penetrant to the surface being inspected.,B,A,B,A,B
Dye Eggs for Easter,Cover with glitter paint.,Let dry.,A,B,A,B,A
Make Slime,Put the mixture in the refrigerator.,Remove the mixture from the refrigerator.,A,A,A,A,B
Buoy an Anchor,Attach the buoy to the line with a large eye splice.,Cut polypropylene cord for the buoy.,B,A,B,B,B
Graph a Quadratic Equation,Draw the parabola's axis (optional).,Plot your vertex.,B,B,A,B,A
Obtain a Cypriot Citizenship,Apply for citizenship if you've lived in Cyprus for 7 years.,Choose citizenship by investment if you can invest.,A,A,A,A,A
Clean a Bathtub,Scrub the grout with bleach or a cleaning product.,Apply the cleaner.,B,A,B,B,B
Play Heads Up 7 Up,"Have your pickers say, Heads up, seven up!  When the pickers say the name of the game in unison, the other students will open their eyes and lift ",Have the pickers choose one student each.,B,A,A,A,A
Weave a Willow Basket,Add weavers to the sides of the basket.,Weave the sides.,A,A,B,B,B
Remove Braids from Hair,Repeat the process until all of the braids are removed.,Detangle the lock of hair.,B,B,T,B,A
Test a Refrigerator PTC Relay,Order a replacement relay if the resistance doesn't read OL or 0-1 ohms.,Flip the relay upside-down to see if the resistance changes to 0-1 ohms.,B,A,B,A,A
Replace Awning Fabric,Remove the bolt and leg from the front end of the awning roller tube.,Reinsert the bolt and cover the bracket with tape.,A,A,A,A,A
Sew Pants Pockets,Cut along the edges of the paper pattern.,Pin the paper pattern piece onto your fabric.,B,B,A,A,A
Soothe Bites and Stings with Vodka,Allow the vodka to air-dry on your skin.,Squirt the vodka directly on your skin at dusk.,B,A,A,A,A
Breed Molly Fish,Remove the female from the aquarium before birthing begins.,Allow the fish to mate with one another.,B,A,A,A,A
Report a Bad Airbnb Stay,Evaluate and submit your review.,Write the text of your review.,B,B,B,A,A
Play Netball,Form two teams of 7 players.,Assign positions to the players.,A,B,A,A,A
Marble a Bottle,Pour 2 to 3 colors of acrylic craft paint into the bottle.,Clean a glass bottle with soap and water.,B,B,B,A,A
Do the Perfect Manicure or Pedicure,Add a top coat.,Allow nails to dry completely.,A,B,B,B,B
Surf,Paddle to your spot.,Identify a target spot.,B,A,B,A,B
Clean a Plastic Water Tank,Make a cleaning mixture.,Scrub the inside of the tank.,A,B,A,A,A
Relieve a Toothache and Bleeding Gums,Try crunched up paracetamol.,See the dentist as soon as possible if the bleeding gets any worse or if the toothache lasts more than a couple of days and the pain does not seem to be improving.,A,A,A,A,A
Cut Fabric on the Bias,Lay your fabric out in a single layer.,Place the pattern pieces on the fabric so the biases are perpendicular.,A,A,A,B,A
Make a Mastectomy Bra from a Regular Bra,Choose some fabric.,Place the fabric on a table.,A,B,A,B,A
Make Orange Julius,Enjoy!,"Add ice cubes one by one, until ice cubes are completely dissolved and drink is frothy.",B,B,A,B,A
Glaze a Cabinet,Cover the floors and other nearby surfaces with drop-cloths.,Tape off the walls around the edges of the cabinets with painter's tape.,A,A,B,A,A
Graph Polar Equations,Understand how polar equations work.,Make a table with values of the angle and radius.,A,A,A,A,A
Get Free Checkbook Software,Set up an account for initial use.,Talk to your bank about syncing your account information.,A,A,A,A,A
Be Ready and Comfortable Kissing a Guy,Start by cuddling.,Tell yourself that everything will be okay.,B,A,B,A,A
Make Matcha and Chocolate Swirl Cake,Serve with milk or unsweetened tea.,Bake in 350F or 180C degree in a preheated oven for 30 ,B,B,A,B,B
Wash Lacrosse Gear,Machine wash the uniform.,Tumble dry your uniform.,A,A,A,A,A
Apply for a US Visa,Read the information.,Enter the requested information.,A,A,A,A,A
Use a Vegetable Steamer,Fill the basket(s) with fresh vegetables.,Turn on your steamer and set the timer.,A,A,A,B,B
Take Apart a Track Bicycle,Optional: This is a good opportunity to change your brake pads and clean your brakes.,Unscrew the bolt that is driven into the brake through the fork.,B,B,B,B,B
Pan for Gold,Shake the pan vigorously several times.,Fill your pan so it is  full of gra,B,A,A,A,A
Use the Hue Tool on MediBang Paint Pro,"Press Ctrl+U on your keyboard to access the hue, brightness, and saturation menu on MediBang.",Move the slider on the hue bar.,A,A,A,T,A
Sue for Stock Broker Fraud,Complete other required forms.,Submit your application packet.,A,A,A,A,A
Enter a Dog in an American Bully Kennel Club (ABKC) Show,Find an event.,Look at the specific rules for each event.,A,A,A,A,A
Draw Harry Styles,Detail further with eye-balls and teeth.,"Make the shapes of the eyes, eyebrows, nose and a smiling mouth.",B,A,B,A,B
Store a Kayak,Attach the storage unit to the wall.,Buy a rope or bracket-style storage system.,B,A,B,A,B
Play the Trombone,Grip the movable part of the slide gently with your right hand.,Hold the trombone with your left hand by gripping the screw-joint.,B,A,B,A,A
Curl a Pixie Cut,Clip the roll of hair with an alligator clip.,Wrap the section of hair around your thumb and index finger.,B,B,B,A,A
Make a Cape,Make the casing.,Cut a piece of ribbon that's just a little longer than the casing.,A,A,A,A,A
Paint Vaulted Ceilings,Choose a color scheme for your ceiling.,Purchase a can of 2-in-1 interior house paint.,A,A,A,A,A
Verify Funds Before Cashing a Check,Find the banks contact inform,"Call the payers bank, or visit a branch in p",A,A,A,B,A
Take Action Against the Breach of a Purchase and Sale Agreement,Await the verdict.,Make closing arguments.,B,A,B,A,A
Cut Molding,Mark the length of the wall on the molding boards.,Visit a local hardware store and find a molding you like.,B,A,A,A,A
Clean Skechers Shoes,Wash your shoes on a cold cycle with laundry detergent.,Remove the laces and put the shoes in a delicates bag.,B,B,A,A,B
Install Steam on Linux,Type and run sudo apt install snapd.,Open your computer's Terminal window.,B,B,B,A,B
Clean Kale,Swish your kale around.,Submerge your kale in the water.,B,B,A,A,A
Assemble a Bicycle,Make sure each tire is mounted correctly on its rim.,Inflate the tires.,A,A,A,A,A
Deter House Wrens from Nestboxes,Make or purchase a Wren Guard.,Watch the nestbox.,A,B,A,A,A
Make a Match Box Bomb,Cut off all of the match heads.,Pour all the matches out of the box.,B,A,B,A,A
Grind Metal,Hold the grinding disc as level as you can to the piece of metal.,Grind along the length of the weld.,A,B,A,A,A
Perform a Titration,Drop a small amount of color indicator into the beaker.,Measure out a precise amount of analyte in a clean beaker or flask.,B,A,B,B,A
Remove a Woodruff Key,Fit the arms.,Tighten the forcing screw.,A,A,A,A,A
Report Phone Call Scams,Visit the FTC's Complaint Assistant online.,Choose the correct category and sub-category.,A,A,A,A,A
Download Full Albums,Type in an album's name.,Tap the search bar.,B,A,A,A,A
Lace Timberlands,Use the criss-cross or straight style but skip the fourth hole.,Thread the laces through the fifth hole.,A,A,A,A,A
Make a Waterbomb,Repeat the last step on the other side.,Fold the top flaps into the pockets.,B,A,A,B,A
Write a Confirmation Letter,Send your letter to the recipient promptly.,Sign the letter using blue or black ink.,B,A,A,A,A
Make Paper Cup iPhone Speakers,Cut the bottom off of each cup using a craft knife or box cutter.,Find two paper cups that are the same size.,B,A,A,A,A
Use Fashion Nova App on Android,Scroll down and view the featured items and collections.,Open the Fashion Nova app on your Android.,B,B,B,B,B
Extract Your DNA,Deliver the sample to a lab.,Collect your DNA.,B,A,B,B,A
Wet Sand Wood,Soak the sandpaper in water overnight.,Select high-grit wet sandpaper.,B,A,A,B,A
Make Spider Repellent at Home,Add dish soap and shake.,Combine essential oils and water.,B,A,B,A,A
Clean a Knife,Dry the knife.,Soak the knife for a minute or two if food is stuck on.,B,A,A,A,A
Play the Jew's Harp,Curl your lips.,Position it in your mouth.,B,B,A,A,A
Paint Fabric Shoes,Let the paint dry.,Paint your shoes following your design.,B,A,B,A,A
Stretch Cotton Pants Legs,Wait until your pants are dirty to wash them.,Wash cotton pants in a washing machine with cold water on a gentle cycle.,A,A,A,A,A
Obtain a CMS Certification Number,Complete the relevant form.,Read through the form carefully.,B,B,B,B,B
Weld Galvanized Steel,"Get a welding mask, respirator, welding gloves, and apron.",Use a fume extractor or set up a fan directly next to your welding site.,A,B,1,A,A
Make Chestnut Stuffing,Remove the stuffing when it is brown on top.,Cover and bake.,B,B,B,A,A
Get Into Harvard University,Meet for an interview if you are selected to do so.,Wait for a decision.,A,A,B,B,B
Infuse Vodka with Flavor,Strain the vodka.,Sample and enjoy!,A,A,A,A,A
File for Divorce in Oklahoma,Request a temporary order if necessary.,Serve your spouse with your divorce petition and the summons.,B,A,A,A,B
Make a Pipe from a Soda Can,"Get a needle,  pin or other sharp object.",Make an thumb-sized indention on side of the can.,A,A,B,A,A
Backstitch,Position your needle at one end of the guideline.,Use the machine to stitch along the line about 0.51 in (1.3,A,A,A,A,A
Include References on a Resume,List your references and their relevant information.,"Under the heading, add a clear title.",B,B,A,A,A
Play the Lute,Pluck each string and check the pitch with an electric tuner.,Rotate the corresponding pegs to adjust any out-of-tune strings.,A,A,B,A,A
Obtain a Copy of Your Birth Certificate in Ohio,Fill out the application form.,Have payment ready.,A,A,B,A,A
Bypass a Water Softener,Turn the valve to the bypass position to shut off soft wa,Locate the bypass valve near the tubes running off the water softener.,B,A,B,A,B
Replace Laminate Flooring,Place transition strips at doorways and other openings.,Apply pressure to the flooring.,B,A,A,A,A
Make Oatmeal Play Clay,"Place all of the dry ingredients, except for the oats, into a mixing bowl.",Add the oil.,A,A,A,A,A
Gift Wrap a Chocolate Bar in Brown Paper and Lace,Done.,Finish with decorative elements.,B,A,A,A,A
Factory Reset a Nook,Press the Home button.,"On the Home menu, tap Settings.",A,B,A,B,A
Clean Vans,Remove any caked-on dirt outside.,Use dish detergent and warm water.,A,B,A,A,A
Sell Scrap Metal,Allow facility personnel to unload your vehicle.,Weigh your vehicle.,B,A,A,B,B
Make Face Whitening Mask,Spread the mask over your face.,Stir the ingredients with a spoon or fork.,B,A,B,A,B
Paint a Greenhouse with Poinsettias in Watercolor,"Gather your supplies; a basic set of tube watercolors, brushes, a palette or white plastic plate, a water container, table salt and a support for your paper.",Set up colors on the palette.,A,A,A,A,A
Dispute a Chargeback,Wait for the result.,Attach evidence.,B,A,A,B,A
Apply Diatomaceous Earth,Vacuum up the powder after it has been sitting for 24 to 48 hours.,Reapply the powder after 2 weeks to kill any remaining bugs.,A,A,A,A,A
Create MP3 Files from Wikipedia Articles Using Pediaphon,Pick the language of your choice.,Go to the Pediaphon website.,B,A,A,A,A
Download Karaoke Songs,Download an IDM(internet download manager) along with key or keygen or crack.,Now go to online karaoke websites like KaraFun to listen to your favorite song the moment you play a song the IDM shows a download symbol.,A,A,A,A,A
Make a Petticoat,Sew the bottom and middle tiers together using a 1/2-inch (1.3-cm) seam.,Fold the seam against the middle tier and topstitch it down.,A,A,A,A,A
Create a Battery from a Lemon,Squeeze the lemon without breaking its skin.,Gather your materials.,B,B,B,A,B
Download Songs from SoundCloud,Open the SoundCloud site.,Click the search bar.,A,A,A,A,A
Remove Hair Naturally,Sprinkle cornstarch or arrowroot powder over the area to be waxed.,Wash the area you want to wax and prepare it for waxing.,B,B,B,A,A
Give a Speech in Front of Your Class,Pause for 10 seconds before you start your speech.,Project your voice.,A,A,A,A,A
Fit Fascia Boards,Cut the boards to length you need using a circular saw.,Rip the tops of the fascia boards to match the slope of your roof.,A,A,B,A,A
Play the Oboe,Curve your hands into C-shapes around the body of the oboe.,Set your left hand on the upper keys and your right hand below it.,A,A,A,A,A
Get Universal Studios Tickets from Costco,Use the trip builder to search for theme park trips.,Pick a Universal Studios package.,A,A,A,A,A
Wear Finger Picks,Form the pick to your finger.,Place the pick on the end of your index finger.,B,A,B,B,A
Divorce in Arkansas,Receive a Summons from court.,File the Complaint for Divorce.,B,A,A,A,A
Use a Vertical Water Smoker,Use a chimney starter to light charcoal for the smoker.,Place the food you want to smoke on the grates in the food chamber.,A,A,A,A,A
Color Hair,"Apply the henna paste to clean, dry hair.",Read the instructions and mix up the henna paste.,B,B,B,A,A
Make a Paracord Combat Bracelet,Repeat the second part of the knot.,Continue this process.,A,A,A,A,A
Make a Model of the Earth,Trace the continents onto the ball.,Paint the land and water.,A,A,A,A,A
Draw a Pretzel,Complete the drawing.,"From the top line, close the image full circle, with the knot at the center.",B,A,B,A,A
Make a Triangle in Photoshop on PC or Mac,Select the pen tool.,Click on a point on the canvas where you want to start your triangle.,A,A,A,A,A
Make a Camera Copy Stand,Pack the rod in tightly.,Drill a hole the diameter of the wooden rod (one inch/2.5cm).,B,B,B,A,A
Make a Noodle Beverage Boat,Measure each side of your container and cut the noodle to fit each side.,"Thread the noodle parts over a long, sturdy string or rope.",A,A,A,A,A
Create a DIY Extreme Macro Tube,Cut a hole in the metal bottom of an empty Pringles can.,Glue the body cap onto the Pringles can with super glue.,A,A,A,A,A
Make a Christmas Bow,Fluff the loops on either side.,Finish the bow.,A,A,A,B,A
Wash a Wool Coat,Lay the coat flat to dry.,Roll the coat in a towel.,B,B,B,A,B
Join Two Pieces of Wood,Allow the glue to cure overnight.,Wipe away excess glue after 20 minutes.,B,A,A,A,B
Build Stencils,Choose your material.,Reinforce your stencil.,A,A,A,A,A
Make a Foam Rocket,Slide the triangles together at the slits to lock then together.,Slide the interlocked fins into the slits in the bottom of your rocket.,A,A,A,B,A
Make a FlowerFilled Tulle,Arrange the flowers on the skirt.,Glue the flowers in place.,A,A,A,A,A
Make Spa Water,"Add the water, cucumber, and ice to a pitcher For the spa water, youll need a pitcher that holds approximately 2-quarts (1",Allow the water mixture to sit for a couple of hours before serving.,A,A,A,A,A
Use a Kite Antenna in Amateur Radio,"Find a suitable flying site, check local laws and book the right weather.",Select some wire to use for the antenna and also decide how long the wire needs to be.,B,A,A,A,A
Search Google Books,"Enter any search term for a book within the ""Search Books"" section of the Google Books home page.",Review the list of books provided to you in the Google Books search results.,A,A,A,A,A
Unbind a Book,Lay the book down on the edge of a flat surface.,Apply pressure to the cover of the book.,A,A,A,A,A
Use a Vacuum Pump,Attach your gauges to the ports.,Open your manifold valves.,A,A,A,C,A
Write a Teleplay,Begin all acts with fade in.,Start with a title page.,B,A,A,T,B
Wire a Simple 120v Electrical Circuit,"Measure the distance from the electrical panel box to the location your new outlet will be installed, following the path you have selected, and trying to determine the actual distance the wire must run.",Feed the wires through the conduit from the receptacle box.,A,A,A,A,A
Sponge Paint With Kids,Cut the sponge with scissors along the lines that you drew.,"Get additional sponges to paint with, if desired.",A,A,A,A,A
Care For a Leather Jacket,Rub an art gum eraser over grime.,Clean suede with a specialized brush or a dry sponge.,B,A,A,A,A
Make a Sequin Letter,Hang the sequin letter (or series of letters that form a word).,Create a hanging loop.,B,B,B,B,B
Remove Stains from a Mattress,Vacuum off the baking soda using an upholstery attachment.,Let the baking soda sit for about 8 hours.,B,B,B,B,A
Make a Pirate Hat,Fold the bottoms of the paper up.,Add decorations to your finished pirate hat.,A,A,A,A,A
Curl Hair With Toilet Paper,Remove the toilet paper in the morning and apply hairspray.,Leave the toilet paper in overnight.,B,B,B,A,B
Do Fractions,Solve the equation as you normally would.,Make equivalent fractions so the denominators are the same.,B,A,B,A,B
Make a Slurpee,Blend on high until your drink is smooth.,"Add one cup of club soda, sugar, Kool-Aid mix, and cherry extract to a blender.",B,A,B,A,A
Make a Mermaid Shell Top,Fill the gaps in on the bra with more embellishments.,"Add some final touches, if desired.",A,A,A,A,A
Treat a Conscious Choking Adult or Child,"Look for the food or object to fall out of the mouth, with the help of gravity.",Use the heel of your other hand to firmly thump the infant on the middle of the back.,B,A,A,A,A
Get Red Wine out of Fabric Using Baking Soda and Vinegar,Check for any remnants and repeat if needed.,Vacuum or wash your fabric.,B,A,A,A,B
Apply for a Divorce in New York,Arrange service in all other situations.,Deliver the papers yourself in an uncontested divorce.,B,A,A,A,A
Remove Cactus Needles,Clean your clothes in a washing machine to remove leftover needles.,Pull out large cactus needles with a comb.,B,B,B,A,A
Do a Front Lunge Exercise,Repeat these motions on your left side.,Keep your weight on your front (right) heel.,B,A,A,A,A
Block a Call,Confirm the registration.,Enter the phone number you want to register.,B,B,A,A,B
Stretch Out Jeans,Lay the jeans on the floor or your bed.,Heat the jeans using a hair dryer on a medium setting.,A,B,A,B,A
Write a Credit Card Dispute Letter,Begin with the date and addresses at the top.,Include a salutation.,A,A,A,B,A
Shrink Socks,Transfer socks from boiling water into the dryer.,Dry boiled socks using the hottest dryer setting possible.,A,A,A,B,A
Use a Circular Saw,Unplug the saw when youre done usi,Release the trigger to stop the blade after each cut.,B,B,A,A,A
Arrange a Window Box,Choose a color scheme.,Fill the box evenly throughout.,A,A,A,T,A
Make a Tiny Vampire Pumpkin,Transfer your measurements to the pumpkin using the pencil.,Measure the vampire teeth.,B,A,B,A,A
Remove Wax from a Glass Table Top,Heat up the wax.,Remove the wax.,A,A,A,A,A
Change Your Name in New Mexico,Determine where you will file your name change petition.,Verify your eligibility to file to change your name.,B,B,B,A,A
Obtain a Copy of Your Birth Certificate in Texas,Receive copies of your birth certificate.,Send in the application or take it to the designated location along with the required fee.,B,B,B,B,B
Cook Stuffed Peppers,"Bake the peppers for 30-40 minutes, until they're soft.",Stuff the beef mixture into the peppers.,B,B,B,B,A
Use a Tide to Go Pen,Rub the dispersed solution into the stain.,Wait and reapply as necessary.,A,A,A,A,A
Build Plyo Boxes,Purchase an 8 by 4 feet (2.4 by 1.2 m) piece of plywood.,Measure and mark your plywood pieces.,A,A,B,B,A
Draw an Umbrella,Write the date and you are finished!,"Color in the handle dark green, and the metal rod black.",B,B,B,B,B
Make a Hair Stick from a Knitting Needle,Measure and mark on the knitting needle the point where you need to cut.,Cut the knitting needle to length with a hacksaw.,A,A,A,A,A
Make Decorative Garden Mushrooms,Spray paint the outside of the pot white or off-white.,Choose a terracotta pot and drain plate.,B,A,B,A,B
Use a Foam Roller on Your Legs,Roll back and forth from your thigh to your hip.,Repeat the process on your left side.,A,A,A,A,A
Make Jiggly Slime,Refrigerate your jiggly slime in a Ziploc bag or throw it away.,Mix 1 cup (240 mL) of hot water into your slime.,B,B,C,A,A
Learn a Dance from a Video,"When you have a section of moves worked out, do them together.",Start learning the moves.,B,B,A,B,B
Eat a Watermelon,Rinse the outside.,Pick a ripe one.,B,B,A,B,B
Calculate Molarity,Know the basic formula for calculating molarity.,Examine the problem.,A,B,A,A,A
Do a One Armed Push Up,Lower yourself.,Push upward.,A,A,A,A,A
Make Beetroot Juice,Set up your juicers collection and pulp conta,Feed the chunks through the juicer.,A,A,A,A,A
Buy a Fish for a Child,Feed your fish carefully.,Transfer from the bag to your tank.,B,A,B,A,A
Get a Rebate,Fill out the form for the mail-in rebate.,Read the rebate form carefully.,B,B,B,A,A
Make a Sleeveless Shirt,"Cut into the side of the shirt, cutting upward at a slight angle.","Hem the edges, if you would like to keep the shirt from fraying.",A,A,A,A,A
Open Nail Glue,Insert a pin into the center of the nail glue tip or where indicated.,Replace the lid when youre not using the nail,A,A,A,A,A
Spin a Drumstick,Hook your pinky finger.,Transfer the stick from your pinky to your pointer finger.,A,A,A,A,A
Clean Suede Shoes,Stick paper and shoe trees in your shoes.,Let the shoes dry at least overnight.,A,A,B,B,A
Build a Bean Bag Game,Use a strong cloth for the beanbags.,"Sew around the square or rectangle, leaving enough room to pour in the beans.",A,A,A,A,A
Calculate Percent Change,Subtract the original value from the new value.,Divide your answer by the original value.,A,A,A,B,A
Make a String Covered Jar,Follow the first two steps of the previous method.,Finish off by cutting the last section's string off when it can't be wound into place on the side of the jar any further.,A,A,B,B,A
Produce Those Tricky Lead Synth Patterns Heard in Trance Music,"Get a sound generator, basically any software or hardware synthesis that includes a sequencer will do (to generate a synthesis pattern).",Realize that lead synthesis patterns in trance music can be just as important as lead guitar riffs in rock music.,B,A,A,A,A
Carve Faces in Wood,Clamp the wood in place or hold it in place.,Strip the wood with a drawknife if your wood has outer bark.,A,A,A,A,A
Make a Book Safe,Remove loose pages and continue cutting.,Clean up the edges.,A,A,B,T,A
Make a Felt Rosebud Pincushion,Gather the edge of the large felt circle using 8 to 4 inch (0.3 to 0.6 c,"Coil the petal strip, fastening it along the bottom edge with stitches in matching thread color.",A,A,A,A,A
Rationalize the Denominator,Examine the fraction.,Rewrite the denominator in terms of exponents.,A,A,A,A,A
Block a Number from Texting You,Tap on the Plus sign.,Tap on Settings.,B,A,B,A,A
Clean a Cartridge Type Swimming Pool Filter,Seal the acid container when you are finished with it.,Spray the acid-cleaned filters with a hose.,B,A,A,B,A
Unicycle,Transfer your weight to the foot on the lower pedal.,Position the pedals in the same vertical position you used to mount the unicycle.,B,A,A,A,A
Level Basement Floor,Use a squeegee or trowel to spread around the self-leveling agent.,Pour the self-leveling agent over the floor.,B,A,T,A,A
Get a Valet Parking Job,Follow up.,Show enthusiasm.,B,A,A,A,A
Clean a Carboy,Combine bleach and water.,Let soak overnight.,A,A,A,B,A
Silently Call Emergency Services on iPhone or Apple Watch,Make sure the siren is turned off.,Hold the power button and one of the volume buttons at the same time.,A,B,A,A,A
Play Shuffleboard,Keep playing.,Score the disks.,B,B,A,A,A
Water Color with Distress Markers,Secure your paper.,Color on a nonstick sheet or acrylic plate.,A,A,A,A,A
Cut an OfftheShoulder A,Choose a basic tank top that fits you well to use as a template.,Lay the tank top flat and fold the top 3 to 6 inches (7.6 to 15.2 cm) over.,A,A,A,A,A
Use Spotify,Find music for your playlist.,Add the music to your playlist.,A,A,A,A,A
Make a Chiptune,Come up with a melody for your chiptune.,Listen to other chiptunes to get an idea of what they're like.,B,A,A,A,A
Dry Glitter Glue Fast,Plug in a hairdryer and set it to low or medium heat.,Hold your hairdryer about ten inches from the surface of your glitter glue.,A,A,A,B,A
Automatically Fill Your Decorative Garden Fountain,Fill and re-energize the fountain.,Run the tube from the bottom of the fountain to the bottom of the bucket (fitting obtained from hardware store).,B,A,B,A,A
Play Quarters,Drink the bug chug.,Begin the game.,B,B,A,A,A
Make an Origami Soccer Ball,Finished!,Surround each black pentagon with white pieces to create the ball.,B,B,A,B,A
Change the Name on a Driver's License Due to Marriage,Submit the completed application.,Complete the application.,B,B,B,B,B
Use Vanish,Rinse off the fabric in a sink.,Let the Vanish soak in for 5 minutes.,B,A,A,B,A
Measure the pH of Water,Collect a sample of the water in a clean container.,Dip a test strip into your sample.,A,A,A,A,A
Make a Papier Mch,Make a base layer of paper over your base.,Allow the volcano to dry between each step.,A,A,A,A,A
Make Sand Candles,Gently brush the excess sand off using a soft-bristled brush.,Remove the candle from the sand carefully the next day.,B,A,A,A,A
Become an Au Pair in the US,Create a profile with your agency representative.,Interview with potential families to get to know them.,A,A,A,A,A
Create an Amazon Storefront,Set the permissions for provided files/directories.,Open your FTP client software (or use the control panel provided by your web host) and upload the Associate-O-Matic files to your server (web host).,B,A,A,A,A
Play Sparkle (Spelling Game),Continue in the same way until only 1 player is left.,Prompt the next person in the circle to give the first letter.,B,A,B,B,B
Cover Wires,"Mount the filled track from the source of the wire to the wall, continuing either to the floor or to the ceiling.",Thread the wire into the open track in the wire conduit.,B,A,B,B,B
Clean Grout with Baking Soda,Wipe up the mess.,Mop up the floor.,A,A,A,A,A
Iron a Dress Shirt,Iron the collar.,Iron the rest of the shirt.,A,A,A,A,A
Cook Turtle,Fill a large pot with about 5 inches (13 cm) of oil and heat it to 350 F (177 ,Dip the meat in the egg wash and then the coating mix until it is covered.,A,B,A,A,A
Make Soap Last Longer,Let the soap cure.,Cut the bar of soap into smaller pieces.,A,B,B,B,B
Make a Mimosa Cocktail,"Add a splash of Triple Sec liqueur, if desired.",Pour equal parts of sparkling wine and orange juice into a champagne flute.,B,B,B,B,B
Change Your Name in Rhode Island,Complete the correct form.,Have the petition notarized.,A,B,A,B,A
Hang a Kayak in Your Garage,Mark the position of the hangers on the wall in pencil.,Measure the length of the kayak before installing the hangers.,B,A,T,A,A
Buy a Taco Bell Franchise,Wait for approval and for the restaurant to be built.,Apply for the franchise.,B,B,B,A,B
"Find Mode, Median, Mean and Range",Add the numbers together.,Divide the total by the amount of numbers in the set.,A,B,A,A,A
Pack Glass Bottles for Shipping,Seal each bottle in a plastic bag if they contain liquid.,Pack the smaller box inside the larger one.,A,B,A,A,A
Clean a Dryer Drum,Harden the gum with ice.,Unplug the dryer.,B,A,B,B,A
Take Care of Baby Water Turtles,Place a water heater in the tank.,Get a large aquarium.,B,B,B,A,B
Jailbreak iOS Untethered,Close Evasi0n on your computer.,Tap on the Evasi0n icon when prompted to do so by the jailbreaki,B,B,B,A,A
Use the wikiHow Editor's Toolbar,Find wikiHow Toolbar in the list.,Select it.,A,A,A,A,A
Style Waist Length Hair,Gather your hair into a ponytail at the nape of your neck.,Pull your ponytail through the center of your hair between your scalp and the rubber band.,A,A,A,A,A
Make an Invisible Mask for Video Cameras,Mark and cut the hat.,Attach the LEDs.,A,A,A,A,A
Vote Online,Confirm whether you are eligible to return an absentee ballot by email or fax.,Request the ballot.,A,B,A,A,B
Make a Cup of Tea Using the Microwave,"Now remove the napkin, book, or bowl.","Cover the mug with a napkin, book, or bowl so the tea can steep.",B,B,A,B,B
Make a Simple Paper Airplane,Unfold the paper and bend the top corners toward the crease.,Fold a letter size sheet of paper in half.,B,A,A,A,A
Write a Payment Reminder,Conclude your letter.,Mail the letter.,A,A,A,B,A
Shotgun a Beer,Drink the beer as fast as you can.,Pop the tab open with your other hand.,B,A,B,B,A
Tune a Dulcimer,"Tune the bass string to the D below Middle C. Pluck the bass string without pressing it and listen to the sound it makes, then play the correct D note on a piano, guitar, or pitch pipe.",Adjust the middle string based on the bass string.,A,A,A,A,A
Calculate Kinetic Energy,Plug in the known variables.,Write the equation.,B,B,B,A,A
Set up a Rent to Own Contract,Sign the document.,Negotiate necessary changes.,B,B,B,A,B
Read Binary,Find a binary number you want to convert.,Multiply each binary digit by two to the power of its place number.,A,B,A,A,A
Wrap Windows with Aluminum,Add at least 3 inches (7.6 cm) to your measurements.,Measure each window.,B,B,A,A,A
Tell Time Without a Clock,Line up your hand with the horizon.,Stack one hand below the other towards the horizon.,A,B,T,A,A
Become an OSHA Inspector,Apply for open OSHA inspector vacancies with your cover letter and resume.,Pick 3-4 work experiences to talk about during your job interview.,A,A,A,B,A
Count Money,Organize by size and value.,Calculate the value of each stack.,A,A,A,A,A
Make Light Bend for Science Experiments,Cover the bottom of a rectangular fish tank with 2 lb (0.91 kg) of sugar.,Pour 1 2 US gal (5.7 L) of water into the,A,A,A,A,A
Make a Walnut Mouse,Place the cardboard template on a scrap of fabric.,To attach the fabric to the base of the mouse:,A,A,A,A,A
Make Rip Away Pants,"Find or buy a pair of pants that you don't mind cutting, or that you would like to be able to remove quickly.",Cut the threaded seam along the outside of each leg.,A,A,A,A,A
Clean Pewter,Rinse.,Dry thoroughly.,A,A,A,B,A
Locate a Leak in an Air Mattress,Apply pressure to the mattress with your hand and listen for leaks.,Mark the leak with a pen or piece of tape.,A,A,A,A,A
Cross Hatch,Go over the drawing in ink.,Erase the pencil marks once the ink has dried.,A,A,A,A,A
Make Creamy Chai Tea,Boil water.,Add the tea powder/ bag.,A,A,A,B,A
Drink Bacardi,"Choose one of Bacardi's full-bodied rums, such as the Reserva Limitada.",Pour about 1 ounce of Bacardi rum into an old-fashioned or rocks,A,A,A,A,B
Clean Your Rabbit Without Bathing It,Wipe the bunny on the soiled area.,Put your rabbit in a comfortable position.,B,A,A,A,B
Remove Grass Stains from Clothing,"Apply, massage and let sit.",Mix your DIY-remover.,B,A,B,A,B
Score Badminton,Stop the game when 1 player reaches 30 points.,Defeat your opponent 2-3 times to win a badminton match.,A,A,A,A,A
Buy a House at Auction,Register and get your bidding paddle.,Raise your paddle to bid on the property you want to purchase.,A,A,A,A,A
Hem a Prom Dress,Attach a blind hem foot to your machine.,Fold the hem under as you place it on the machine.,A,B,A,B,A
Pass the California State Bar Exam Without Law School,Take the FYLSX.,Apply to take the FYLSX.,B,B,B,B,A
Start a Lanyard,Drape one end over the other and loop it underneath through the center of the bight.,Make a bight with two free ends.,B,A,B,B,A
Convert Grams to Moles,Set up the conversion formula.,Plug your numbers into the formula.,A,A,A,A,A
Write an Email of Interest for a Job,Close with your contact information and a 'thank you.',Explain your qualifications and experience in the body of the letter.,B,B,B,A,B
Get an Egg Into a Bottle,Watch the egg go into the bottle.,Put the candles in an upside-down bottle.,B,A,B,A,A
Watch Movies Online With Netflix,Sign into the activation site with your Netflix account.,Type in the code displayed on your TV.,A,A,A,A,A
Sharpen Crayon Points,Purchase a manual crayon sharpener.,Sharpen the crayon the same way you would sharpen a pencil in a manual sharpener.,A,A,A,A,A
Make an Ancient Letter,Use a pan that you would make brownies in.,Take strong black tea.,A,A,B,A,A
Make Rhubarb Cordial,Add the mint leaves for decoration.,Remove from the heat.,B,B,A,A,B
Make a Paper Tank,Secure the gun.,Add the gun.,B,A,A,A,A
Make a Toilet Paper Roll Caterpillar,Fold and glue the antennae onto the top of the caterpillar's head.,Pick out some construction paper and cut out two strips to use as antennae.,B,A,B,B,A
Eat Edamame,Add 3 cups of thawed frozen edamame to the mixture and cook for 5 minutes.,Stir in the rice and 3 diced scallions and cook for 1 more minute.,A,A,A,A,A
Recycle Coffee Grounds From Your Coffee Maker,Collect coffee grounds for distributing onto the ground outdoors.,Pour the coffee grounds over your outdoor soil.,A,A,A,A,A
Measure Length,"Line up the ""0"" mark with one end.",Extend the measuring tool over the length.,A,A,A,A,A
Use a Boresnake,Pull the bore snake all the way through the barrel.,Repeat the process if necessary.,A,A,A,A,A
Heat Water Using Solar Energy,Run the water through the hose slowly and it will come out warm.,Finished.,A,A,A,A,A
Distinguish Between Acids and Bases,"Dip one end of the blue litmus paper into the solution, then quickly remove it.",Buy red and blue litmus paper.,B,A,A,A,A
Make Drums for Kids,Attach fabric to the top of the coffee tin.,Replace the lid.,A,B,A,A,A
Wash a Pillow Pet,Hang your Pillow Pet up to dry.,Let your Pillow Pet air dry for several hours.,A,B,A,A,A
Buy Books for Your Kindle,"When prompted, confirm your purchase.",Tap Buy.,B,B,A,T,B
Wire an Electric Cooker,Have a certified electrician check your work for mistakes.,Replace the terminal screws to secure the power wires.,B,B,B,A,A
Share Your Pictures on SmugMug,Click Try Us O,"Enter your Email, Password, and desired Site Name.",A,B,A,B,A
Split Hardwood Firewood,Tap the wedge into the grain with a sledge.,Have several wedges on hand.,B,A,A,B,B
Make Your Sessions Private on Spotify,Launch Spotify.,Sign in.,A,A,A,A,A
Make a Bow Ring Out of Clay,Add the varnish using clear nail polish You might want to put something beneath it to avoid mess.,Add some designs.,B,A,B,A,A
Talk to an Old Friend over Instant Messaging,Have a look at the persons pr,Wait patiently for an add.,A,A,A,A,A
Build a Model Ship,Buy the necessary tools.,Look for a model to purchase.,B,B,A,A,A
Make a Rope Harness,Tie another bowline around your other leg.,Tie a bowline knot to secure the first leg.,B,B,B,B,B
Make Money with 500px,Click My Settings.,Click the LICENSING tab.,A,A,A,A,A
Paint Louvered Shutters,Put the shutters on a drop cloth on a flat surface.,Take down the shutters from your home.,B,A,B,B,B
Buy Bird Baths,Rent a truck and move the bird bath into it.,Look at the bird baths available at a garden center.,B,A,B,A,B
Level the Ground for Pavers,Slope your strings by .25 inches (0.64 cm) for every 1 foot (30 cm) of land.,Use string to mark the finished level for your pavers.,B,A,A,A,A
Make Snowball Punch,Scoop and add the ice cream snowballs.,Garnish and serve the blue snowball punch.,A,A,A,A,A
Bottle Feed a Newborn,Firmly pat or rub their back.,Resume feeding after a couple minutes even if your baby doesnt,A,A,A,A,A
Create an Origami Puppy Finger Puppet,Fold the top layer up (forms the ears).,Fold the next top layer up (looks like a mouth).,A,A,A,A,A
Check Your Bank Balance,Create an account using your account information if you don't have one.,Go to your banks website on your computer or ,B,A,A,A,A
Square Your Duct Tape Sheet,Place your duct tape sheet on a flat surface.,Attach the paper firmly to the duct tape sheet.,A,A,A,A,A
Remove Ads from Kindle Fire HD,Click the Edit button next to ,Click Unsubscribe now with one cli,A,B,A,A,A
Make Easter Bunny Chow Mix,Stir the chocolate.,Repeat this pattern until the chocolate is fully melted.,A,A,A,B,A
Make Cinnamon Hot Chocolate,Place all of the ingredients into a large mixing bowl.,Whisk together to combine.,A,A,A,A,A
Turn an Old Book Into a Clock,Place the book clock on display.,Snap the clock hands onto the clock motor rod on the front cover.,B,B,B,B,B
Pack Your Fragile Items,"Pack some items, like cups or mugs, in a cell pack.","After filling a box, gently pack tissue or bubble wrap into any open spaces.",A,A,A,A,A
Obtain a Copy of Your Birth Certificate in Illinois,Fill out the required forms.,Gather the required information.,B,A,B,B,B
Clean Baby Bottles That Have a Milk Odor,"If the odor remains, soak the bottle in the water with baking soda.",Rinse the bottle and smell it.,B,A,A,B,A
Identify Estate Assets That Generate Income,Gather the required documents.,Fill out the required documents.,A,A,A,A,A
"Go ""Beer Fishing""","Before he grasps it, tug on the line.","Meanwhile, your guests are enjoying this from the balcony and going nuts with laughter.",A,A,A,A,A
Remove a Vertical Sliding Window,Pry the removal clips up with a flathead screwdriver.,Lift up the vertical sash until it disengages from its tracks.,A,A,B,A,A
Make Easy Pants,Measure the waistline for your drawstring/waistband.,Use a buttonhole stitch.,A,A,A,A,A
Make Homemade Aloe Vera Facials,Prepare a simple scrub.,Massage the scrub onto your face for 1 to 2 minutes.,A,A,A,A,A
Paint a Fireplace,Use flat brushes to paint your tile fireplace with enamel paint.,Paint the tile with a coat of oil-based primer.,B,B,B,A,A
Test Blood to Make Sure It's Real,Drip hydrogen peroxide on the liquid.,Prepare your blood sample.,B,A,B,B,B
Make Glow in the Dark Slime,Add the craft paint.,Finished!,A,A,A,A,A
Keep a Wild Caught Toad As a Pet,Feed your toad 1 or 2 insects each day.,Purchase live insects to feed your toad.,B,A,A,B,B
Report Fraud on PayPal,Provide a description of your problem.,Escalate your dispute to a claim.,A,A,A,A,A
Measure Heel Height,Measure from the top of the heel cap.,Get a tape measure or ruler.,B,B,B,A,B
Make a Shower Pan,Apply an 8 in (0.32 cm) layer of thinset on the showe,Wipe the mortar with a wet cloth to clean up any dust.,B,B,A,A,A
Make Unicorn Ice Cream,Divide the whipping cream mixture into 4-5 bowls.,Add the sweetened condensed milk and vanilla.,B,A,A,A,A
